{
    "allowban": [],
    "chatbot": [],
    "add_del": {
        "admin": false,
        "blacklist": false,
        "bots": false,
        "expel": false,
        "jsbot": false,
        "owner": false,
        "repeat": false,
        "staff": false,
        "whitelist": false
    }, 
    "backup": {
        "icon": {},
        "name": {},
        "qrcode": {}
    },
    "protect": {
        "cancel": {
            "1": [],
            "2": []
        },
        "icon": {
            "1": [],
            "2": []
        },
        "invite": {
            "1": [],
            "2": []
        },
        "join": [],
        "kick": {
            "1": [],
            "2": []
        },
        "name": {
            "1": [],
            "2": []
        },
        "qrcode": {
            "1": [],
            "2": []
        },
        "wordban": {
            "list": []
        }
    },
    "response": {
        "chatbot": [],
        "rname": "R ",
        "sname": "Dbl "
    },
    "source_code": "Dark Bots Line",
    "start": 1539729387.1179934,
    "update": {
        "pict": false,
        "dual": false,
        "gpict": [],
        "profile": {
            "pict": "",
            "video": ""
        }
    }
}