{
    "allowban": [],
    "chatbot": [],
    "add_del": {
        "admin": false,
        "blacklist": false,
        "bots": false,
        "expel": false,
        "jsbot": false,
        "owner": false,
        "repeat": false,
        "staff": false,
        "whitelist": false
    },
    "backup": {
        "icon": {},
        "name": {},
        "qrcode": {}
    },
    "protect": {
        "cancel": {
            "1": [],
            "2": []
        },
        "icon": {
            "1": [],
            "2": []
        },
        "invite": {
            "1": [],
            "2": []
        },
        "join": [],
        "kick": {
            "1": [],
            "2": []
        },
        "name": {
            "1": [],
            "2": []
        },
        "qrcode": {
            "1": [],
            "2": []
        },
        "wordban": {
            "list": []
        }
    },
    "response": {
        "chatbot": [
            "u119fd29a8a66afdd8fedb2cff6cb2473",
            "c0c3741e0b4234d0e8812fec4d39e73f7",
            "c9eaa46d52359a4edfe58429cd35f6a6a"
        ],
        "rname": "ajs ",
        "sname": "x "
    },
    "source_code": "Dark Bots Line",
    "start": 1574079752.759731,
    "update": {
        "pict": false,
        "dual": false,
        "gpict": [],
        "profile": {
            "pict": "",
            "video": ""
        }
    }
}